<?xml version="1.0" encoding="UTF-8"?>
<!DOCTYPE mapper PUBLIC "-//mybatis.org//DTD Mapper 3.0//EN" "http://mybatis.org/dtd/mybatis-3-mapper.dtd">
<mapper namespace="com.example.demo.dao.ActivityMapper">

    <!-- 通用查询映射结果 -->
    <resultMap id="BaseResultMap" type="com.example.demo.domain.Activity">
        <id column="id" property="id" />
        <result column="activity_name" property="activityName" />
        <result column="activity_to_which_facility" property="activityToWhichFacility" />
        <result column="capacity" property="capacity" />
        <result column="price" property="price" />
    </resultMap>

    <!-- 通用查询结果列 -->
    <sql id="Base_Column_List">
        id, activity_name, activity_to_which_facility, capacity, price
    </sql>

</mapper>
