<?xml version="1.0" encoding="UTF-8"?>
<!DOCTYPE mapper PUBLIC "-//mybatis.org//DTD Mapper 3.0//EN" "http://mybatis.org/dtd/mybatis-3-mapper.dtd">
<mapper namespace="com.example.demo.dao.UserMapper">

    <!-- 通用查询映射结果 -->
    <resultMap id="BaseResultMap" type="com.example.demo.domain.User">
        <id column="id" property="id" />
        <result column="username" property="username" />
        <result column="password" property="password" />
        <result column="membership" property="membership" />
        <result column="card_number" property="cardNumber" />
        <result column="profile_photo" property="profilePhoto" />
        <result column="activity_order_id" property="activityOrderId" />
        <result column="email" property="email" />
    </resultMap>

    <!-- 通用查询结果列 -->
    <sql id="Base_Column_List">
        id, username, password, membership, card_number, profile_photo, activity_order_id, email
    </sql>

</mapper>
